User ID,Resume Link,Project Titles,Experiences,Links,Repo Count
8efe1961-aac8-4e6c-80d0-327f3f7095e4,https://nw-forms-backend-media-static.s3.ap-south-1.amazonaws.com/ccbp_prod/media/upload/resume/1739980768130_YATHAM%20PALLAVI%20Resume_0c73adc5-f917-4635-8c39-0110af212bd2.pdf,"Fraud Detection
Technologies: Python, Pandas, NumPy
A Student Performance Analysis
Technologies: Power BI, Tableau, SQL",,"https://www.linkedin.com/in/yatham-pallavi
mailto:pallaviy557@gmail.com
tel:7013933978
https://linkedin.com/in/yatham-pallavi",
a70a5e0f-f2b9-4ee1-b853-83a3e5ca2914,https://nw-forms-backend-media-static.s3.ap-south-1.amazonaws.com/ccbp_prod/media/upload/resume/1739973052135_%23Resume021_2b3259e7-7f02-4f1d-a443-5c819fb741df.pdf,"A New Multi Output DC-DC converter for Electric Vehicle
Technologies: No technologies listed

Todo Application
Technologies: HTML, CSS, JavaScript, Bootstrap

Wikipedia Search Application
Technologies: HTML, CSS, JavaScript, Bootstrap

Data Analytics Mega Workshop
Technologies: Power BI, MS Excel",,"https://www.linkedin.com/in/boddupally-srikanth-496348246
https://srikanth1528.ccbp.tech
https://srikanth734.ccbp.tech",
